{
  "controller/SAMaster.controller.js": 1704887134680,
  "controller/SASplit.controller.js": 1702555260251,
  "model/models.js": 1698669857252,
  "controller/formatter.js": 1704950731068,
  "manifest.json": 1705477754551,
  "i18n/i18n.properties": 1702555260251,
  "controller/SADetail.controller.js": 1705381300843,
  "controller/SAConfirm.controller.js": 1702555260247,
  "controller/SAAsnEdit.controller.js": 1702555260243,
  "controller/SAAsnCreate.controller.js": 1705477443759,
  "controller/ItemDisplay.controller.js": 1704694892785,
  "controller/App.controller.js": 1704887134680,
  "Component.js": 1702555260235,
  "Component-preload.js": 1705477755166,
  "controller/SASplit-dbg.controller.js": 1702555260251,
  "controller/formatter-dbg.js": 1704950731068,
  "model/models-dbg.js": 1698669857252,
  "controller/SAMaster-dbg.controller.js": 1704887134680,
  "controller/SADetail-dbg.controller.js": 1705381300843,
  "controller/SAConfirm-dbg.controller.js": 1702555260247,
  "controller/SAAsnEdit-dbg.controller.js": 1702555260243,
  "controller/SAAsnCreate-dbg.controller.js": 1705477443759,
  "controller/ItemDisplay-dbg.controller.js": 1704694892785,
  "controller/App-dbg.controller.js": 1704887134680,
  "Component-dbg.js": 1702555260235,
  "view/materialFrag.fragment.xml": 1698906394227,
  "view/SASplit.view.xml": 1702555260271,
  "view/SAMaster.view.xml": 1704950680221,
  "view/SAFragRequiredQuan.fragment.xml": 1702555260267,
  "view/SADetail.view.xml": 1704866889294,
  "view/SAConfirmResponse.fragment.xml": 1698906394227,
  "view/SAConfirm.view.xml": 1702555260267,
  "view/SAAsnEdit.view.xml": 1702555260263,
  "view/SAAsnCreate.view.xml": 1705422477899,
  "view/PricePopoverFragment.fragment.xml": 1702555260263,
  "view/NoData.view.xml": 1698906394227,
  "view/ItemDisplay.view.xml": 1704695060046,
  "view/App.view.xml": 1702555260259,
  "fragment/filterFragment.fragment.xml": 1698906354995,
  "fragment/PlantFrag.fragment.xml": 1698906354995,
  "fragment/MaterialFrag.fragment.xml": 1698906354995,
  "fragment/DetailPopoverFragment.fragment.xml": 1702622128638,
  "fragment/DatePopoverFragment.fragment.xml": 1698906354995,
  "css/style.css": 1698906213028,
  "index.html": 1702555260255
}