{
  "manifest.json": 1709891401048,
  "i18n/i18n.properties": 1709827002833,
  "model/models.js": 1709742374569,
  "controller/formatter.js": 1709742374569,
  "controller/SASplit.controller.js": 1709742374569,
  "controller/SAMaster.controller.js": 1709878968913,
  "controller/SADetail.controller.js": 1709742374569,
  "controller/SAConfirm.controller.js": 1709742374569,
  "controller/SAAsnEdit.controller.js": 1709742374569,
  "controller/SAAsnCreate.controller.js": 1709890959226,
  "controller/ItemDisplay.controller.js": 1709742374569,
  "controller/App.controller.js": 1709742374569,
  "Component.js": 1709811226492,
  "Component-preload.js": 1709891401698,
  "controller/SAAsnCreate-dbg.controller.js": 1709890959226,
  "controller/formatter-dbg.js": 1709742374569,
  "controller/SASplit-dbg.controller.js": 1709742374569,
  "controller/SAMaster-dbg.controller.js": 1709878968913,
  "controller/SADetail-dbg.controller.js": 1709742374569,
  "controller/SAConfirm-dbg.controller.js": 1709742374569,
  "controller/SAAsnEdit-dbg.controller.js": 1709742374569,
  "model/models-dbg.js": 1709742374569,
  "controller/ItemDisplay-dbg.controller.js": 1709742374569,
  "controller/App-dbg.controller.js": 1709742374569,
  "Component-dbg.js": 1709811226492,
  "view/materialFrag.fragment.xml": 1709742374569,
  "view/SASplit.view.xml": 1709742374569,
  "view/SAMaster.view.xml": 1709742374569,
  "view/SAFragRequiredQuan.fragment.xml": 1709742374569,
  "view/SADetail.view.xml": 1709810890986,
  "view/SAConfirmResponse.fragment.xml": 1709742374569,
  "view/SAConfirm.view.xml": 1709742374569,
  "view/SAAsnEdit.view.xml": 1709742374569,
  "view/SAAsnCreate.view.xml": 1709877909474,
  "view/PricePopoverFragment.fragment.xml": 1709742374569,
  "view/NoData.view.xml": 1709742374569,
  "view/ItemDisplay.view.xml": 1709742374569,
  "view/App.view.xml": 1709742374569,
  "css/style.css": 1709742374569,
  "fragment/filterFragment.fragment.xml": 1709742374569,
  "fragment/PlantFrag.fragment.xml": 1709742374569,
  "fragment/MaterialFrag.fragment.xml": 1709742374569,
  "fragment/DetailPopoverFragment.fragment.xml": 1709742374569,
  "fragment/DatePopoverFragment.fragment.xml": 1709742374569,
  "index.html": 1709742374569
}