{
  "controller/ItemDisplay-dbg.controller.js": 1709742374569,
  "controller/SASplit.controller.js": 1709742374569,
  "model/models.js": 1709742374569,
  "controller/formatter.js": 1709742374569,
  "manifest.json": 1709913336241,
  "controller/SAMaster.controller.js": 1709912652614,
  "controller/SADetail.controller.js": 1709912670014,
  "controller/SAConfirm.controller.js": 1709742374569,
  "controller/SAAsnEdit.controller.js": 1709742374569,
  "controller/SAAsnCreate.controller.js": 1709912680802,
  "controller/ItemDisplay.controller.js": 1709742374569,
  "controller/App.controller.js": 1709912735422,
  "Component.js": 1709811226492,
  "Component-preload.js": 1709913336777,
  "i18n/i18n.properties": 1709827002833,
  "controller/formatter-dbg.js": 1709742374569,
  "controller/SASplit-dbg.controller.js": 1709742374569,
  "controller/SAMaster-dbg.controller.js": 1709912652614,
  "controller/SADetail-dbg.controller.js": 1709912670014,
  "controller/SAConfirm-dbg.controller.js": 1709742374569,
  "controller/SAAsnEdit-dbg.controller.js": 1709742374569,
  "controller/SAAsnCreate-dbg.controller.js": 1709912680802,
  "model/models-dbg.js": 1709742374569,
  "controller/App-dbg.controller.js": 1709912735422,
  "Component-dbg.js": 1709811226492,
  "view/materialFrag.fragment.xml": 1709742374569,
  "view/SASplit.view.xml": 1709742374569,
  "view/SAMaster.view.xml": 1709742374569,
  "view/SAFragRequiredQuan.fragment.xml": 1709742374569,
  "view/SADetail.view.xml": 1709810890986,
  "view/SAConfirmResponse.fragment.xml": 1709742374569,
  "view/SAConfirm.view.xml": 1709742374569,
  "view/SAAsnEdit.view.xml": 1709742374569,
  "view/SAAsnCreate.view.xml": 1709912632574,
  "view/PricePopoverFragment.fragment.xml": 1709742374569,
  "view/NoData.view.xml": 1709742374569,
  "view/ItemDisplay.view.xml": 1709742374569,
  "view/App.view.xml": 1709742374569,
  "fragment/filterFragment.fragment.xml": 1709742374569,
  "fragment/PlantFrag.fragment.xml": 1709742374569,
  "fragment/MaterialFrag.fragment.xml": 1709742374569,
  "fragment/DetailPopoverFragment.fragment.xml": 1709742374569,
  "fragment/DatePopoverFragment.fragment.xml": 1709742374569,
  "css/style.css": 1709742374569,
  "index.html": 1709742374569
}