{
  "controller/SADetail-dbg.controller.js": 1714635285942,
  "model/models.js": 1709742374569,
  "manifest.json": 1716797281443,
  "controller/formatter.js": 1713445127769,
  "controller/SASplit.controller.js": 1709742374569,
  "controller/SAMaster.controller.js": 1714635239403,
  "controller/SADetail.controller.js": 1714635285942,
  "controller/SAConfirm.controller.js": 1709742374569,
  "controller/SAAsnEdit.controller.js": 1709742374569,
  "controller/SAAsnCreate.controller.js": 1716553204651,
  "controller/ItemDisplay.controller.js": 1709742374569,
  "controller/App.controller.js": 1714369391900,
  "Component.js": 1714628038141,
  "Component-preload.js": 1716797282168,
  "controller/App-dbg.controller.js": 1714369391900,
  "controller/formatter-dbg.js": 1713445127769,
  "controller/SASplit-dbg.controller.js": 1709742374569,
  "controller/SAMaster-dbg.controller.js": 1714635239403,
  "i18n/i18n.properties": 1716274610633,
  "controller/SAConfirm-dbg.controller.js": 1709742374569,
  "controller/SAAsnEdit-dbg.controller.js": 1709742374569,
  "controller/SAAsnCreate-dbg.controller.js": 1716553204651,
  "controller/ItemDisplay-dbg.controller.js": 1709742374569,
  "model/models-dbg.js": 1709742374569,
  "Component-dbg.js": 1714628038141,
  "view/materialFrag.fragment.xml": 1709742374569,
  "view/SASplit.view.xml": 1709742374569,
  "view/SAMaster.view.xml": 1713861254001,
  "view/SAFragRequiredQuan.fragment.xml": 1709742374569,
  "view/SADetail.view.xml": 1714637537817,
  "view/SAConfirmResponse.fragment.xml": 1709742374569,
  "view/SAConfirm.view.xml": 1709742374569,
  "view/SAAsnEdit.view.xml": 1709742374569,
  "view/SAAsnCreate.view.xml": 1716552431630,
  "view/PricePopoverFragment.fragment.xml": 1709742374569,
  "view/NoData.view.xml": 1709742374569,
  "view/ItemDisplay.view.xml": 1709742374569,
  "view/App.view.xml": 1713269830743,
  "fragment/filterFragment.fragment.xml": 1709742374569,
  "fragment/PlantFrag.fragment.xml": 1713342063046,
  "fragment/MaterialFrag.fragment.xml": 1709742374569,
  "fragment/DetailPopoverFragment.fragment.xml": 1709742374569,
  "fragment/DatePopoverFragment.fragment.xml": 1709742374569,
  "css/style.css": 1713348888522,
  "index.html": 1709742374569
}