<core:FragmentDefinition xmlns="sap.m" xmlns:core="sap.ui.core">
	<Popover showHeader="false" id="detailPopover" class="sapUiContentPadding" placement="Top">
		<Table id="dateTableId" growing="false" class="sapUiSizeCompact" items="{DateConfirmationModel>/results}" fixedLayout="false">
			<columns>
				<Column minScreenWidth="Tablet" demandPopin="true">
					<Text text="Item"/>
				</Column>
				<Column minScreenWidth="Tablet" demandPopin="true">
					<Text text="Delivery Date"/>
				</Column>
				<Column minScreenWidth="Tablet" demandPopin="true">
					<Text text="Time"/>
				</Column>
				<Column minScreenWidth="Tablet" demandPopin="true">
					<Text text="Quantity"/>
				</Column>
			</columns>
			<items>
				<ColumnListItem id="TableTempId">
					<cells>
						<Text text="{DateConfirmationModel>Ebelp}"/>
						<Text text="{path:'DateConfirmationModel>Eindt', formatter:'sp.fiori.purchaseorder.controller.formatter.formatDate'}"/>
						<Text text="{path:'DateConfirmationModel>Uzeit', formatter:'sp.fiori.purchaseorder.controller.formatter.timeFormat'}"/>
						<Text text="{DateConfirmationModel>Menge}"/>
					</cells>
				</ColumnListItem>
			</items>
		</Table>
	</Popover>
</core:FragmentDefinition>